The Slammer,"500 SE 8th Ave, Portland, OR 97214",(503) 232-6504
Mad Hanna,"6129 NE Fremont, Portland, OR 97213",(503) 288-2944
Hale Pele,"2733 NE Broadway St, Portland, OR 97232",(503) 662-8454
Hey Love,"920 E Burnside St, Portland, OR 97214",(503) 206-6223
Over & Out,"410 SE 81st Ave, Portland, OR 97215",(503) 445-6284
Crackerjacks Pub & Eatery,"2788 NW Thurman St, Portland, OR 97210",(503) 222-9069
Bartini,"2108 NW Glisan St, Portland, OR 97210",(503) 224-7919
Kellys Olympian ,"426 SW Washington St, Portland, OR 97204",(503) 228-3669
The High Water Mark,"6800 NE Martin Luther King Jr Blvd, Portland, OR 97211",(503) 286-6513
Swift,"1932 NE Broadway St, Portland, OR 97232",(503) 288-3333
Barbar,"3939 N Mississippi Ave, Portland, OR 97227",(503) 288-3895
Victoria Bar,"4835 N Albina Ave, Portland, OR 97217",
Revolution Hall,"1300 SE Stark St #110, Portland, OR 97214",(971) 808-5094
Spirit of 77,"500 NE Martin Luther King Jr Blvd, Portland, OR 97232",(503) 232-9977
Firkin Tavern,"1937 SE 11th Ave, Portland, OR 97214",(503) 206-7552
Vendetta,"4306 N Williams Ave, Portland, OR 97217",(503) 288-1085
Crow Bar,"3954 N Mississippi Ave, Portland, OR 97227",(503) 280-7099
The Rambler,"4205 N Mississippi Ave, Portland, OR 97217",(503) 459-4049
Standard Tavern,"14 NE 22nd Ave, Portland, OR 97232",(503) 233-4181
The Spare Room,"4830 NE 42nd Ave, Portland, OR 97218",(503) 287-5800
Killingworth Dynasty,"832 N Killingsworth St, Portland, OR 97217",(971) 407-3995
Belmont Inn,"3357 SE Belmont St, Portland, OR 97214",(503) 232-1998
The Sweet Hereafter,"3326 SE Belmont St, Portland, OR 97214",
Aalto Lounge,"3356 SE Belmont St, Portland, OR 97214",(503) 235-6041
Toms Bar,"3871 SE Division St, Portland, OR 97202",(503) 233-1363